{

    "data": [

        {

            "_id": "5d309ea2048c0a3321692de9", 

            "awbno": "68816235",

            "carrier": "Safexpress",
            "pickup_date": "2019-07-11 00:00:00",
            "current_status": "Out for Delivery", 

            "current_status_code": "OOD", 

            "order_data": "", 

            "recipient": "", 

            "extra_fields": {

                "expected_delivery_date": "1970-01-01 05:30:00"

            },

            "from": "WHITEFIELD", 

            "to": "NEW DELHI", 

            "time": "2019-07-18 02:13:57",

            "scan": [ 

                {

                    "time": "2019-07-18 02:13:57", 

                    "location": "Consignment Out for Delivery", 

                    "status_detail": "OUT FOR DELIVERY" 

                },

                {

                    "time": "2019-07-17 23:02:24",

                    "location": "Waybill Undelivered",

                    "status_detail": "UN-DELIVERED"

                },

                {

                    "time": "2019-07-17 03:59:19",

                    "location": "Consignment Out for Delivery",

                    "status_detail": "OUT FOR DELIVERY"

                },

                {

                    "time": "2019-07-15 18:49:46",

                    "location": "Waybill Undelivered",

                    "status_detail": "UN-DELIVERED"

                },

                {

                    "time": "2019-07-15 04:14:20",

                    "location": "Consignment Out for Delivery",

                    "status_detail": "OUT FOR DELIVERY"

                },

                {

                    "time": "2019-07-13 20:41:28",

                    "location": "Consignment Arrived at DELHI",

                    "status_detail": "ARRIVED AT DESTINATION"

                },

                {

                    "time": "2019-07-11 07:01:53",

                    "location": "Consignment In Transit To Next Hub",

                    "status_detail": "IN-TRANSIT"

                },

                {

                    "time": "2019-07-11 03:05:26",

                    "location": "Consignment Arrived at BANGALORE",

                    "status_detail": "IN-TRANSIT"

                },

                {

                    "time": "2019-07-11 00:00:00",

                    "location": "Waybill Generated at WHITEFIELD",

                    "status_detail": "BOOKED"

                }

            ],

            "tracking_url": "https://s.shipway.in/21759772/68816235",

            "createdAt": "2019-07-18T16:30:26.155Z"

        }
    ]

}